<opt>
  <FACILITY EXTERNAL_FACILITY_ID="101088" FACILITY_NAME="Napa, CA (pop. 72K)" FACILITY_TYPE="CITY" LAT="38.297" LON="-122.284">
    <DAMAGE name="GREEN" HIGH_LIMIT="5" LOW_LIMIT="1" METRIC="MMI" />
    <DAMAGE name="RED" HIGH_LIMIT="99999" LOW_LIMIT="7" METRIC="MMI" />
    <DAMAGE name="YELLOW" HIGH_LIMIT="7" LOW_LIMIT="5" METRIC="MMI" />
  </FACILITY>
  <FACILITY EXTERNAL_FACILITY_ID="100108" FACILITY_NAME="Baker, CA (pop. 1K)" FACILITY_TYPE="CITY" LAT="35.267" LON="-116.1">
    <DAMAGE name="GREEN" HIGH_LIMIT="5" LOW_LIMIT="1" METRIC="MMI" />
    <DAMAGE name="RED" HIGH_LIMIT="99999" LOW_LIMIT="7" METRIC="MMI" />
    <DAMAGE name="YELLOW" HIGH_LIMIT="7" LOW_LIMIT="5" METRIC="MMI" />
  </FACILITY>
  <FACILITY EXTERNAL_FACILITY_ID="100308" FACILITY_NAME="Chico, CA (pop. 59K)" FACILITY_TYPE="CITY" LAT="39.729" LON="-121.836">
    <DAMAGE name="GREEN" HIGH_LIMIT="5" LOW_LIMIT="1" METRIC="MMI" />
    <DAMAGE name="RED" HIGH_LIMIT="99999" LOW_LIMIT="7" METRIC="MMI" />
    <DAMAGE name="YELLOW" HIGH_LIMIT="7" LOW_LIMIT="5" METRIC="MMI" />
  </FACILITY>
  <FACILITY EXTERNAL_FACILITY_ID="100412" FACILITY_NAME="Davis, CA (pop. 60K)" FACILITY_TYPE="CITY" LAT="38.545" LON="-121.739">
    <DAMAGE name="GREEN" HIGH_LIMIT="5" LOW_LIMIT="1" METRIC="MMI" />
    <DAMAGE name="RED" HIGH_LIMIT="99999" LOW_LIMIT="7" METRIC="MMI" />
    <DAMAGE name="YELLOW" HIGH_LIMIT="7" LOW_LIMIT="5" METRIC="MMI" />
  </FACILITY>
  <FACILITY EXTERNAL_FACILITY_ID="100706" FACILITY_NAME="Hemet, CA (pop. 58K)" FACILITY_TYPE="CITY" LAT="33.748" LON="-116.971">
    <DAMAGE name="GREEN" HIGH_LIMIT="5" LOW_LIMIT="1" METRIC="MMI" />
    <DAMAGE name="RED" HIGH_LIMIT="99999" LOW_LIMIT="7" METRIC="MMI" />
    <DAMAGE name="YELLOW" HIGH_LIMIT="7" LOW_LIMIT="5" METRIC="MMI" />
  </FACILITY>
  <FACILITY EXTERNAL_FACILITY_ID="100758" FACILITY_NAME="Indio, CA (pop. 49K)" FACILITY_TYPE="CITY" LAT="33.721" LON="-116.215">
    <DAMAGE name="GREEN" HIGH_LIMIT="5" LOW_LIMIT="1" METRIC="MMI" />
    <DAMAGE name="RED" HIGH_LIMIT="99999" LOW_LIMIT="7" METRIC="MMI" />
    <DAMAGE name="YELLOW" HIGH_LIMIT="7" LOW_LIMIT="5" METRIC="MMI" />
  </FACILITY>
  <FACILITY EXTERNAL_FACILITY_ID="101577" FACILITY_NAME="Ukiah, CA (pop. 15K)" FACILITY_TYPE="CITY" LAT="39.15" LON="-123.207">
    <DAMAGE name="GREEN" HIGH_LIMIT="5" LOW_LIMIT="1" METRIC="MMI" />
    <DAMAGE name="RED" HIGH_LIMIT="99999" LOW_LIMIT="7" METRIC="MMI" />
    <DAMAGE name="YELLOW" HIGH_LIMIT="7" LOW_LIMIT="5" METRIC="MMI" />
  </FACILITY>
  <FACILITY EXTERNAL_FACILITY_ID="101708" FACILITY_NAME="Yreka, CA (pop. 7.2K)" FACILITY_TYPE="CITY" LAT="41.736" LON="-122.633">
    <DAMAGE name="GREEN" HIGH_LIMIT="5" LOW_LIMIT="1" METRIC="MMI" />
    <DAMAGE name="RED" HIGH_LIMIT="99999" LOW_LIMIT="7" METRIC="MMI" />
    <DAMAGE name="YELLOW" HIGH_LIMIT="7" LOW_LIMIT="5" METRIC="MMI" />
  </FACILITY>
  <FACILITY EXTERNAL_FACILITY_ID="100094" FACILITY_NAME="Auburn, CA (pop. 12K)" FACILITY_TYPE="CITY" LAT="38.897" LON="-121.076">
    <DAMAGE name="GREEN" HIGH_LIMIT="5" LOW_LIMIT="1" METRIC="MMI" />
    <DAMAGE name="RED" HIGH_LIMIT="99999" LOW_LIMIT="7" METRIC="MMI" />
    <DAMAGE name="YELLOW" HIGH_LIMIT="7" LOW_LIMIT="5" METRIC="MMI" />
  </FACILITY>
  <FACILITY EXTERNAL_FACILITY_ID="100104" FACILITY_NAME="Avenal, CA (pop. 14K)" FACILITY_TYPE="CITY" LAT="36.004" LON="-120.128">
    <DAMAGE name="GREEN" HIGH_LIMIT="5" LOW_LIMIT="1" METRIC="MMI" />
    <DAMAGE name="RED" HIGH_LIMIT="99999" LOW_LIMIT="7" METRIC="MMI" />
    <DAMAGE name="YELLOW" HIGH_LIMIT="7" LOW_LIMIT="5" METRIC="MMI" />
  </FACILITY>
  <FACILITY EXTERNAL_FACILITY_ID="100165" FACILITY_NAME="Bishop, CA (pop. 3.5K)" FACILITY_TYPE="CITY" LAT="37.364" LON="-118.394">
    <DAMAGE name="GREEN" HIGH_LIMIT="5" LOW_LIMIT="1" METRIC="MMI" />
    <DAMAGE name="RED" HIGH_LIMIT="99999" LOW_LIMIT="7" METRIC="MMI" />
    <DAMAGE name="YELLOW" HIGH_LIMIT="7" LOW_LIMIT="5" METRIC="MMI" />
  </FACILITY>
  <FACILITY EXTERNAL_FACILITY_ID="100178" FACILITY_NAME="Blythe, CA (pop. 12K)" FACILITY_TYPE="CITY" LAT="33.61" LON="-114.596">
    <DAMAGE name="GREEN" HIGH_LIMIT="5" LOW_LIMIT="1" METRIC="MMI" />
    <DAMAGE name="RED" HIGH_LIMIT="99999" LOW_LIMIT="7" METRIC="MMI" />
    <DAMAGE name="YELLOW" HIGH_LIMIT="7" LOW_LIMIT="5" METRIC="MMI" />
  </FACILITY>
  <FACILITY EXTERNAL_FACILITY_ID="100376" FACILITY_NAME="Corona, CA (pop. 124K)" FACILITY_TYPE="CITY" LAT="33.875" LON="-117.566">
    <DAMAGE name="GREEN" HIGH_LIMIT="5" LOW_LIMIT="1" METRIC="MMI" />
    <DAMAGE name="RED" HIGH_LIMIT="99999" LOW_LIMIT="7" METRIC="MMI" />
    <DAMAGE name="YELLOW" HIGH_LIMIT="7" LOW_LIMIT="5" METRIC="MMI" />
  </FACILITY>
  <FACILITY EXTERNAL_FACILITY_ID="100421" FACILITY_NAME="Delano, CA (pop. 38K)" FACILITY_TYPE="CITY" LAT="35.769" LON="-119.246">
    <DAMAGE name="GREEN" HIGH_LIMIT="5" LOW_LIMIT="1" METRIC="MMI" />
    <DAMAGE name="RED" HIGH_LIMIT="99999" LOW_LIMIT="7" METRIC="MMI" />
    <DAMAGE name="YELLOW" HIGH_LIMIT="7" LOW_LIMIT="5" METRIC="MMI" />
  </FACILITY>
  <FACILITY EXTERNAL_FACILITY_ID="100517" FACILITY_NAME="Eureka, CA (pop. 26K)" FACILITY_TYPE="CITY" LAT="40.802" LON="-124.162">
    <DAMAGE name="GREEN" HIGH_LIMIT="5" LOW_LIMIT="1" METRIC="MMI" />
    <DAMAGE name="RED" HIGH_LIMIT="99999" LOW_LIMIT="7" METRIC="MMI" />
    <DAMAGE name="YELLOW" HIGH_LIMIT="7" LOW_LIMIT="5" METRIC="MMI" />
  </FACILITY>
  <FACILITY EXTERNAL_FACILITY_ID="100549" FACILITY_NAME="Folsom, CA (pop. 51K)" FACILITY_TYPE="CITY" LAT="38.678" LON="-121.175">
    <DAMAGE name="GREEN" HIGH_LIMIT="5" LOW_LIMIT="1" METRIC="MMI" />
    <DAMAGE name="RED" HIGH_LIMIT="99999" LOW_LIMIT="7" METRIC="MMI" />
    <DAMAGE name="YELLOW" HIGH_LIMIT="7" LOW_LIMIT="5" METRIC="MMI" />
  </FACILITY>
  <FACILITY EXTERNAL_FACILITY_ID="100590" FACILITY_NAME="Fresno, CA (pop. 427K)" FACILITY_TYPE="CITY" LAT="36.748" LON="-119.771">
    <DAMAGE name="GREEN" HIGH_LIMIT="5" LOW_LIMIT="1" METRIC="MMI" />
    <DAMAGE name="RED" HIGH_LIMIT="99999" LOW_LIMIT="7" METRIC="MMI" />
    <DAMAGE name="YELLOW" HIGH_LIMIT="7" LOW_LIMIT="5" METRIC="MMI" />
  </FACILITY>
  <FACILITY EXTERNAL_FACILITY_ID="100616" FACILITY_NAME="Gilroy, CA (pop. 41K)" FACILITY_TYPE="CITY" LAT="37.006" LON="-121.567">
    <DAMAGE name="GREEN" HIGH_LIMIT="5" LOW_LIMIT="1" METRIC="MMI" />
    <DAMAGE name="RED" HIGH_LIMIT="99999" LOW_LIMIT="7" METRIC="MMI" />
    <DAMAGE name="YELLOW" HIGH_LIMIT="7" LOW_LIMIT="5" METRIC="MMI" />
  </FACILITY>
  <FACILITY EXTERNAL_FACILITY_ID="100765" FACILITY_NAME="Irvine, CA (pop. 143K)" FACILITY_TYPE="CITY" LAT="33.669" LON="-117.822">
    <DAMAGE name="GREEN" HIGH_LIMIT="5" LOW_LIMIT="1" METRIC="MMI" />
    <DAMAGE name="RED" HIGH_LIMIT="99999" LOW_LIMIT="7" METRIC="MMI" />
    <DAMAGE name="YELLOW" HIGH_LIMIT="7" LOW_LIMIT="5" METRIC="MMI" />
  </FACILITY>
  <FACILITY EXTERNAL_FACILITY_ID="100915" FACILITY_NAME="Lompoc, CA (pop. 41K)" FACILITY_TYPE="CITY" LAT="34.639" LON="-120.457">
    <DAMAGE name="GREEN" HIGH_LIMIT="5" LOW_LIMIT="1" METRIC="MMI" />
    <DAMAGE name="RED" HIGH_LIMIT="99999" LOW_LIMIT="7" METRIC="MMI" />
    <DAMAGE name="YELLOW" HIGH_LIMIT="7" LOW_LIMIT="5" METRIC="MMI" />
  </FACILITY>
  <FACILITY EXTERNAL_FACILITY_ID="100938" FACILITY_NAME="Madera, CA (pop. 43K)" FACILITY_TYPE="CITY" LAT="36.961" LON="-120.06">
    <DAMAGE name="GREEN" HIGH_LIMIT="5" LOW_LIMIT="1" METRIC="MMI" />
    <DAMAGE name="RED" HIGH_LIMIT="99999" LOW_LIMIT="7" METRIC="MMI" />
    <DAMAGE name="YELLOW" HIGH_LIMIT="7" LOW_LIMIT="5" METRIC="MMI" />
  </FACILITY>
  <FACILITY EXTERNAL_FACILITY_ID="101007" FACILITY_NAME="Merced, CA (pop. 63K)" FACILITY_TYPE="CITY" LAT="37.302" LON="-120.482">
    <DAMAGE name="GREEN" HIGH_LIMIT="5" LOW_LIMIT="1" METRIC="MMI" />
    <DAMAGE name="RED" HIGH_LIMIT="99999" LOW_LIMIT="7" METRIC="MMI" />
    <DAMAGE name="YELLOW" HIGH_LIMIT="7" LOW_LIMIT="5" METRIC="MMI" />
  </FACILITY>
  <FACILITY EXTERNAL_FACILITY_ID="101199" FACILITY_NAME="Oxnard, CA (pop. 170K)" FACILITY_TYPE="CITY" LAT="34.198" LON="-119.176">
    <DAMAGE name="GREEN" HIGH_LIMIT="5" LOW_LIMIT="1" METRIC="MMI" />
    <DAMAGE name="RED" HIGH_LIMIT="99999" LOW_LIMIT="7" METRIC="MMI" />
    <DAMAGE name="YELLOW" HIGH_LIMIT="7" LOW_LIMIT="5" METRIC="MMI" />
  </FACILITY>
  <FACILITY EXTERNAL_FACILITY_ID="101305" FACILITY_NAME="Ramona, CA (pop. 15K)" FACILITY_TYPE="CITY" LAT="33.033" LON="-116.867">
    <DAMAGE name="GREEN" HIGH_LIMIT="5" LOW_LIMIT="1" METRIC="MMI" />
    <DAMAGE name="RED" HIGH_LIMIT="99999" LOW_LIMIT="7" METRIC="MMI" />
    <DAMAGE name="YELLOW" HIGH_LIMIT="7" LOW_LIMIT="5" METRIC="MMI" />
  </FACILITY>
  <FACILITY EXTERNAL_FACILITY_ID="101460" FACILITY_NAME="Sonora, CA (pop. 4.4K)" FACILITY_TYPE="CITY" LAT="37.984" LON="-120.381">
    <DAMAGE name="GREEN" HIGH_LIMIT="5" LOW_LIMIT="1" METRIC="MMI" />
    <DAMAGE name="RED" HIGH_LIMIT="99999" LOW_LIMIT="7" METRIC="MMI" />
    <DAMAGE name="YELLOW" HIGH_LIMIT="7" LOW_LIMIT="5" METRIC="MMI" />
  </FACILITY>
  <FACILITY EXTERNAL_FACILITY_ID="100041" FACILITY_NAME="Alturas, CA (pop. 2.8K)" FACILITY_TYPE="CITY" LAT="41.487" LON="-120.541">
    <DAMAGE name="GREEN" HIGH_LIMIT="5" LOW_LIMIT="1" METRIC="MMI" />
    <DAMAGE name="RED" HIGH_LIMIT="99999" LOW_LIMIT="7" METRIC="MMI" />
    <DAMAGE name="YELLOW" HIGH_LIMIT="7" LOW_LIMIT="5" METRIC="MMI" />
  </FACILITY>
  <FACILITY EXTERNAL_FACILITY_ID="100063" FACILITY_NAME="Antioch, CA (pop. 90K)" FACILITY_TYPE="CITY" LAT="38.005" LON="-121.805">
    <DAMAGE name="GREEN" HIGH_LIMIT="5" LOW_LIMIT="1" METRIC="MMI" />
    <DAMAGE name="RED" HIGH_LIMIT="99999" LOW_LIMIT="7" METRIC="MMI" />
    <DAMAGE name="YELLOW" HIGH_LIMIT="7" LOW_LIMIT="5" METRIC="MMI" />
  </FACILITY>
  <FACILITY EXTERNAL_FACILITY_ID="100114" FACILITY_NAME="Banning, CA (pop. 23K)" FACILITY_TYPE="CITY" LAT="33.926" LON="-116.876">
    <DAMAGE name="GREEN" HIGH_LIMIT="5" LOW_LIMIT="1" METRIC="MMI" />
    <DAMAGE name="RED" HIGH_LIMIT="99999" LOW_LIMIT="7" METRIC="MMI" />
    <DAMAGE name="YELLOW" HIGH_LIMIT="7" LOW_LIMIT="5" METRIC="MMI" />
  </FACILITY>
  <FACILITY EXTERNAL_FACILITY_ID="100119" FACILITY_NAME="Barstow, CA (pop. 21K)" FACILITY_TYPE="CITY" LAT="34.917" LON="-117.017">
    <DAMAGE name="GREEN" HIGH_LIMIT="5" LOW_LIMIT="1" METRIC="MMI" />
    <DAMAGE name="RED" HIGH_LIMIT="99999" LOW_LIMIT="7" METRIC="MMI" />
    <DAMAGE name="YELLOW" HIGH_LIMIT="7" LOW_LIMIT="5" METRIC="MMI" />
  </FACILITY>
  <FACILITY EXTERNAL_FACILITY_ID="100198" FACILITY_NAME="Brawley, CA (pop. 22K)" FACILITY_TYPE="CITY" LAT="32.979" LON="-115.529">
    <DAMAGE name="GREEN" HIGH_LIMIT="5" LOW_LIMIT="1" METRIC="MMI" />
    <DAMAGE name="RED" HIGH_LIMIT="99999" LOW_LIMIT="7" METRIC="MMI" />
    <DAMAGE name="YELLOW" HIGH_LIMIT="7" LOW_LIMIT="5" METRIC="MMI" />
  </FACILITY>
  <FACILITY EXTERNAL_FACILITY_ID="100327" FACILITY_NAME="Clayton, CA (pop. 10K)" FACILITY_TYPE="CITY" LAT="37.941" LON="-121.935">
    <DAMAGE name="GREEN" HIGH_LIMIT="5" LOW_LIMIT="1" METRIC="MMI" />
    <DAMAGE name="RED" HIGH_LIMIT="99999" LOW_LIMIT="7" METRIC="MMI" />
    <DAMAGE name="YELLOW" HIGH_LIMIT="7" LOW_LIMIT="5" METRIC="MMI" />
  </FACILITY>
  <FACILITY EXTERNAL_FACILITY_ID="100363" FACILITY_NAME="Concord, CA (pop. 121K)" FACILITY_TYPE="CITY" LAT="37.978" LON="-122.03">
    <DAMAGE name="GREEN" HIGH_LIMIT="5" LOW_LIMIT="1" METRIC="MMI" />
    <DAMAGE name="RED" HIGH_LIMIT="99999" LOW_LIMIT="7" METRIC="MMI" />
    <DAMAGE name="YELLOW" HIGH_LIMIT="7" LOW_LIMIT="5" METRIC="MMI" />
  </FACILITY>
  <FACILITY EXTERNAL_FACILITY_ID="100572" FACILITY_NAME="Fortuna, CA (pop. 10K)" FACILITY_TYPE="CITY" LAT="40.598" LON="-124.156">
    <DAMAGE name="GREEN" HIGH_LIMIT="5" LOW_LIMIT="1" METRIC="MMI" />
    <DAMAGE name="RED" HIGH_LIMIT="99999" LOW_LIMIT="7" METRIC="MMI" />
    <DAMAGE name="YELLOW" HIGH_LIMIT="7" LOW_LIMIT="5" METRIC="MMI" />
  </FACILITY>
  <FACILITY EXTERNAL_FACILITY_ID="100586" FACILITY_NAME="Fremont, CA (pop. 203K)" FACILITY_TYPE="CITY" LAT="37.533" LON="-121.95">
    <DAMAGE name="GREEN" HIGH_LIMIT="5" LOW_LIMIT="1" METRIC="MMI" />
    <DAMAGE name="RED" HIGH_LIMIT="99999" LOW_LIMIT="7" METRIC="MMI" />
    <DAMAGE name="YELLOW" HIGH_LIMIT="7" LOW_LIMIT="5" METRIC="MMI" />
  </FACILITY>
  <FACILITY EXTERNAL_FACILITY_ID="100680" FACILITY_NAME="Hanford, CA (pop. 41K)" FACILITY_TYPE="CITY" LAT="36.327" LON="-119.645">
    <DAMAGE name="GREEN" HIGH_LIMIT="5" LOW_LIMIT="1" METRIC="MMI" />
    <DAMAGE name="RED" HIGH_LIMIT="99999" LOW_LIMIT="7" METRIC="MMI" />
    <DAMAGE name="YELLOW" HIGH_LIMIT="7" LOW_LIMIT="5" METRIC="MMI" />
  </FACILITY>
  <FACILITY EXTERNAL_FACILITY_ID="100870" FACILITY_NAME="Lathrop, CA (pop. 10K)" FACILITY_TYPE="CITY" LAT="37.823" LON="-121.276">
    <DAMAGE name="GREEN" HIGH_LIMIT="5" LOW_LIMIT="1" METRIC="MMI" />
    <DAMAGE name="RED" HIGH_LIMIT="99999" LOW_LIMIT="7" METRIC="MMI" />
    <DAMAGE name="YELLOW" HIGH_LIMIT="7" LOW_LIMIT="5" METRIC="MMI" />
  </FACILITY>
  <FACILITY EXTERNAL_FACILITY_ID="100901" FACILITY_NAME="Lincoln, CA (pop. 11K)" FACILITY_TYPE="CITY" LAT="38.892" LON="-121.292">
    <DAMAGE name="GREEN" HIGH_LIMIT="5" LOW_LIMIT="1" METRIC="MMI" />
    <DAMAGE name="RED" HIGH_LIMIT="99999" LOW_LIMIT="7" METRIC="MMI" />
    <DAMAGE name="YELLOW" HIGH_LIMIT="7" LOW_LIMIT="5" METRIC="MMI" />
  </FACILITY>
  <FACILITY EXTERNAL_FACILITY_ID="101042" FACILITY_NAME="Modesto, CA (pop. 188K)" FACILITY_TYPE="CITY" LAT="37.617" LON="-121">
    <DAMAGE name="GREEN" HIGH_LIMIT="5" LOW_LIMIT="1" METRIC="MMI" />
    <DAMAGE name="RED" HIGH_LIMIT="99999" LOW_LIMIT="7" METRIC="MMI" />
    <DAMAGE name="YELLOW" HIGH_LIMIT="7" LOW_LIMIT="5" METRIC="MMI" />
  </FACILITY>
  <FACILITY EXTERNAL_FACILITY_ID="101095" FACILITY_NAME="Needles, CA (pop. 4.8K)" FACILITY_TYPE="CITY" LAT="34.848" LON="-114.613">
    <DAMAGE name="GREEN" HIGH_LIMIT="5" LOW_LIMIT="1" METRIC="MMI" />
    <DAMAGE name="RED" HIGH_LIMIT="99999" LOW_LIMIT="7" METRIC="MMI" />
    <DAMAGE name="YELLOW" HIGH_LIMIT="7" LOW_LIMIT="5" METRIC="MMI" />
  </FACILITY>
  <FACILITY EXTERNAL_FACILITY_ID="101148" FACILITY_NAME="Oakland, CA (pop. 399K)" FACILITY_TYPE="CITY" LAT="37.804" LON="-122.27">
    <DAMAGE name="GREEN" HIGH_LIMIT="5" LOW_LIMIT="1" METRIC="MMI" />
    <DAMAGE name="RED" HIGH_LIMIT="99999" LOW_LIMIT="7" METRIC="MMI" />
    <DAMAGE name="YELLOW" HIGH_LIMIT="7" LOW_LIMIT="5" METRIC="MMI" />
  </FACILITY>
  <FACILITY EXTERNAL_FACILITY_ID="101173" FACILITY_NAME="Ontario, CA (pop. 158K)" FACILITY_TYPE="CITY" LAT="34.063" LON="-117.65">
    <DAMAGE name="GREEN" HIGH_LIMIT="5" LOW_LIMIT="1" METRIC="MMI" />
    <DAMAGE name="RED" HIGH_LIMIT="99999" LOW_LIMIT="7" METRIC="MMI" />
    <DAMAGE name="YELLOW" HIGH_LIMIT="7" LOW_LIMIT="5" METRIC="MMI" />
  </FACILITY>
  <FACILITY EXTERNAL_FACILITY_ID="101280" FACILITY_NAME="Portola, CA (pop. 2.2K)" FACILITY_TYPE="CITY" LAT="39.811" LON="-120.468">
    <DAMAGE name="GREEN" HIGH_LIMIT="5" LOW_LIMIT="1" METRIC="MMI" />
    <DAMAGE name="RED" HIGH_LIMIT="99999" LOW_LIMIT="7" METRIC="MMI" />
    <DAMAGE name="YELLOW" HIGH_LIMIT="7" LOW_LIMIT="5" METRIC="MMI" />
  </FACILITY>
  <FACILITY EXTERNAL_FACILITY_ID="101315" FACILITY_NAME="Redding, CA (pop. 80K)" FACILITY_TYPE="CITY" LAT="40.587" LON="-122.391">
    <DAMAGE name="GREEN" HIGH_LIMIT="5" LOW_LIMIT="1" METRIC="MMI" />
    <DAMAGE name="RED" HIGH_LIMIT="99999" LOW_LIMIT="7" METRIC="MMI" />
    <DAMAGE name="YELLOW" HIGH_LIMIT="7" LOW_LIMIT="5" METRIC="MMI" />
  </FACILITY>
  <FACILITY EXTERNAL_FACILITY_ID="101370" FACILITY_NAME="Salinas, CA (pop. 151K)" FACILITY_TYPE="CITY" LAT="36.678" LON="-121.654">
    <DAMAGE name="GREEN" HIGH_LIMIT="5" LOW_LIMIT="1" METRIC="MMI" />
    <DAMAGE name="RED" HIGH_LIMIT="99999" LOW_LIMIT="7" METRIC="MMI" />
    <DAMAGE name="YELLOW" HIGH_LIMIT="7" LOW_LIMIT="5" METRIC="MMI" />
  </FACILITY>
  <FACILITY EXTERNAL_FACILITY_ID="101457" FACILITY_NAME="Soledad, CA (pop. 11K)" FACILITY_TYPE="CITY" LAT="36.425" LON="-121.325">
    <DAMAGE name="GREEN" HIGH_LIMIT="5" LOW_LIMIT="1" METRIC="MMI" />
    <DAMAGE name="RED" HIGH_LIMIT="99999" LOW_LIMIT="7" METRIC="MMI" />
    <DAMAGE name="YELLOW" HIGH_LIMIT="7" LOW_LIMIT="5" METRIC="MMI" />
  </FACILITY>
  <FACILITY EXTERNAL_FACILITY_ID="101565" FACILITY_NAME="Truckee, CA (pop. 13K)" FACILITY_TYPE="CITY" LAT="39.328" LON="-120.182">
    <DAMAGE name="GREEN" HIGH_LIMIT="5" LOW_LIMIT="1" METRIC="MMI" />
    <DAMAGE name="RED" HIGH_LIMIT="99999" LOW_LIMIT="7" METRIC="MMI" />
    <DAMAGE name="YELLOW" HIGH_LIMIT="7" LOW_LIMIT="5" METRIC="MMI" />
  </FACILITY>
  <FACILITY EXTERNAL_FACILITY_ID="101603" FACILITY_NAME="Visalia, CA (pop. 91K)" FACILITY_TYPE="CITY" LAT="36.33" LON="-119.291">
    <DAMAGE name="GREEN" HIGH_LIMIT="5" LOW_LIMIT="1" METRIC="MMI" />
    <DAMAGE name="RED" HIGH_LIMIT="99999" LOW_LIMIT="7" METRIC="MMI" />
    <DAMAGE name="YELLOW" HIGH_LIMIT="7" LOW_LIMIT="5" METRIC="MMI" />
  </FACILITY>
  <FACILITY EXTERNAL_FACILITY_ID="100340" FACILITY_NAME="Coalinga, CA (pop. 11K)" FACILITY_TYPE="CITY" LAT="36.14" LON="-120.359">
    <DAMAGE name="GREEN" HIGH_LIMIT="5" LOW_LIMIT="1" METRIC="MMI" />
    <DAMAGE name="RED" HIGH_LIMIT="99999" LOW_LIMIT="7" METRIC="MMI" />
    <DAMAGE name="YELLOW" HIGH_LIMIT="7" LOW_LIMIT="5" METRIC="MMI" />
  </FACILITY>
  <FACILITY EXTERNAL_FACILITY_ID="100464" FACILITY_NAME="Dunsmuir, CA (pop. 1.9K)" FACILITY_TYPE="CITY" LAT="41.22" LON="-122.274">
    <DAMAGE name="GREEN" HIGH_LIMIT="5" LOW_LIMIT="1" METRIC="MMI" />
    <DAMAGE name="RED" HIGH_LIMIT="99999" LOW_LIMIT="7" METRIC="MMI" />
    <DAMAGE name="YELLOW" HIGH_LIMIT="7" LOW_LIMIT="5" METRIC="MMI" />
  </FACILITY>
  <FACILITY EXTERNAL_FACILITY_ID="101050" FACILITY_NAME="Monterey, CA (pop. 29K)" FACILITY_TYPE="CITY" LAT="36.6" LON="-121.894">
    <DAMAGE name="GREEN" HIGH_LIMIT="5" LOW_LIMIT="1" METRIC="MMI" />
    <DAMAGE name="RED" HIGH_LIMIT="99999" LOW_LIMIT="7" METRIC="MMI" />
    <DAMAGE name="YELLOW" HIGH_LIMIT="7" LOW_LIMIT="5" METRIC="MMI" />
  </FACILITY>
  <FACILITY EXTERNAL_FACILITY_ID="101183" FACILITY_NAME="Oroville, CA (pop. 13K)" FACILITY_TYPE="CITY" LAT="39.514" LON="-121.555">
    <DAMAGE name="GREEN" HIGH_LIMIT="5" LOW_LIMIT="1" METRIC="MMI" />
    <DAMAGE name="RED" HIGH_LIMIT="99999" LOW_LIMIT="7" METRIC="MMI" />
    <DAMAGE name="YELLOW" HIGH_LIMIT="7" LOW_LIMIT="5" METRIC="MMI" />
  </FACILITY>
  <FACILITY EXTERNAL_FACILITY_ID="101222" FACILITY_NAME="Pasadena, CA (pop. 133K)" FACILITY_TYPE="CITY" LAT="34.148" LON="-118.144">
    <DAMAGE name="GREEN" HIGH_LIMIT="5" LOW_LIMIT="1" METRIC="MMI" />
    <DAMAGE name="RED" HIGH_LIMIT="99999" LOW_LIMIT="7" METRIC="MMI" />
    <DAMAGE name="YELLOW" HIGH_LIMIT="7" LOW_LIMIT="5" METRIC="MMI" />
  </FACILITY>
  <FACILITY EXTERNAL_FACILITY_ID="101236" FACILITY_NAME="Petaluma, CA (pop. 54K)" FACILITY_TYPE="CITY" LAT="38.233" LON="-122.636">
    <DAMAGE name="GREEN" HIGH_LIMIT="5" LOW_LIMIT="1" METRIC="MMI" />
    <DAMAGE name="RED" HIGH_LIMIT="99999" LOW_LIMIT="7" METRIC="MMI" />
    <DAMAGE name="YELLOW" HIGH_LIMIT="7" LOW_LIMIT="5" METRIC="MMI" />
  </FACILITY>
  <FACILITY EXTERNAL_FACILITY_ID="101323" FACILITY_NAME="Richmond, CA (pop. 99K)" FACILITY_TYPE="CITY" LAT="37.936" LON="-122.347">
    <DAMAGE name="GREEN" HIGH_LIMIT="5" LOW_LIMIT="1" METRIC="MMI" />
    <DAMAGE name="RED" HIGH_LIMIT="99999" LOW_LIMIT="7" METRIC="MMI" />
    <DAMAGE name="YELLOW" HIGH_LIMIT="7" LOW_LIMIT="5" METRIC="MMI" />
  </FACILITY>
  <FACILITY EXTERNAL_FACILITY_ID="101380" FACILITY_NAME="San Jose, CA (pop. 894K)" FACILITY_TYPE="CITY" LAT="37.335" LON="-121.894">
    <DAMAGE name="GREEN" HIGH_LIMIT="5" LOW_LIMIT="1" METRIC="MMI" />
    <DAMAGE name="RED" HIGH_LIMIT="99999" LOW_LIMIT="7" METRIC="MMI" />
    <DAMAGE name="YELLOW" HIGH_LIMIT="7" LOW_LIMIT="5" METRIC="MMI" />
  </FACILITY>
  <FACILITY EXTERNAL_FACILITY_ID="101503" FACILITY_NAME="Stockton, CA (pop. 243K)" FACILITY_TYPE="CITY" LAT="37.958" LON="-121.29">
    <DAMAGE name="GREEN" HIGH_LIMIT="5" LOW_LIMIT="1" METRIC="MMI" />
    <DAMAGE name="RED" HIGH_LIMIT="99999" LOW_LIMIT="7" METRIC="MMI" />
    <DAMAGE name="YELLOW" HIGH_LIMIT="7" LOW_LIMIT="5" METRIC="MMI" />
  </FACILITY>
  <FACILITY EXTERNAL_FACILITY_ID="100329" FACILITY_NAME="Clearlake, CA (pop. 13K)" FACILITY_TYPE="CITY" LAT="38.967" LON="-122.633">
    <DAMAGE name="GREEN" HIGH_LIMIT="5" LOW_LIMIT="1" METRIC="MMI" />
    <DAMAGE name="RED" HIGH_LIMIT="99999" LOW_LIMIT="7" METRIC="MMI" />
    <DAMAGE name="YELLOW" HIGH_LIMIT="7" LOW_LIMIT="5" METRIC="MMI" />
  </FACILITY>
  <FACILITY EXTERNAL_FACILITY_ID="100484" FACILITY_NAME="El Centro, CA (pop. 37K)" FACILITY_TYPE="CITY" LAT="32.792" LON="-115.562">
    <DAMAGE name="GREEN" HIGH_LIMIT="5" LOW_LIMIT="1" METRIC="MMI" />
    <DAMAGE name="RED" HIGH_LIMIT="99999" LOW_LIMIT="7" METRIC="MMI" />
    <DAMAGE name="YELLOW" HIGH_LIMIT="7" LOW_LIMIT="5" METRIC="MMI" />
  </FACILITY>
  <FACILITY EXTERNAL_FACILITY_ID="100513" FACILITY_NAME="Escondido, CA (pop. 133K)" FACILITY_TYPE="CITY" LAT="33.119" LON="-117.086">
    <DAMAGE name="GREEN" HIGH_LIMIT="5" LOW_LIMIT="1" METRIC="MMI" />
    <DAMAGE name="RED" HIGH_LIMIT="99999" LOW_LIMIT="7" METRIC="MMI" />
    <DAMAGE name="YELLOW" HIGH_LIMIT="7" LOW_LIMIT="5" METRIC="MMI" />
  </FACILITY>
  <FACILITY EXTERNAL_FACILITY_ID="100723" FACILITY_NAME="Hollister, CA (pop. 34K)" FACILITY_TYPE="CITY" LAT="36.852" LON="-121.401">
    <DAMAGE name="GREEN" HIGH_LIMIT="5" LOW_LIMIT="1" METRIC="MMI" />
    <DAMAGE name="RED" HIGH_LIMIT="99999" LOW_LIMIT="7" METRIC="MMI" />
    <DAMAGE name="YELLOW" HIGH_LIMIT="7" LOW_LIMIT="5" METRIC="MMI" />
  </FACILITY>
  <FACILITY EXTERNAL_FACILITY_ID="100825" FACILITY_NAME="King City, CA (pop. 11K)" FACILITY_TYPE="CITY" LAT="36.213" LON="-121.125">
    <DAMAGE name="GREEN" HIGH_LIMIT="5" LOW_LIMIT="1" METRIC="MMI" />
    <DAMAGE name="RED" HIGH_LIMIT="99999" LOW_LIMIT="7" METRIC="MMI" />
    <DAMAGE name="YELLOW" HIGH_LIMIT="7" LOW_LIMIT="5" METRIC="MMI" />
  </FACILITY>
  <FACILITY EXTERNAL_FACILITY_ID="100859" FACILITY_NAME="Lancaster, CA (pop. 118K)" FACILITY_TYPE="CITY" LAT="34.698" LON="-118.136">
    <DAMAGE name="GREEN" HIGH_LIMIT="5" LOW_LIMIT="1" METRIC="MMI" />
    <DAMAGE name="RED" HIGH_LIMIT="99999" LOW_LIMIT="7" METRIC="MMI" />
    <DAMAGE name="YELLOW" HIGH_LIMIT="7" LOW_LIMIT="5" METRIC="MMI" />
  </FACILITY>
  <FACILITY EXTERNAL_FACILITY_ID="100909" FACILITY_NAME="Livermore, CA (pop. 73K)" FACILITY_TYPE="CITY" LAT="37.682" LON="-121.767">
    <DAMAGE name="GREEN" HIGH_LIMIT="5" LOW_LIMIT="1" METRIC="MMI" />
    <DAMAGE name="RED" HIGH_LIMIT="99999" LOW_LIMIT="7" METRIC="MMI" />
    <DAMAGE name="YELLOW" HIGH_LIMIT="7" LOW_LIMIT="5" METRIC="MMI" />
  </FACILITY>
  <FACILITY EXTERNAL_FACILITY_ID="100916" FACILITY_NAME="Lone Pine, CA (pop. 1.6K)" FACILITY_TYPE="CITY" LAT="36.606" LON="-118.062">
    <DAMAGE name="GREEN" HIGH_LIMIT="5" LOW_LIMIT="1" METRIC="MMI" />
    <DAMAGE name="RED" HIGH_LIMIT="99999" LOW_LIMIT="7" METRIC="MMI" />
    <DAMAGE name="YELLOW" HIGH_LIMIT="7" LOW_LIMIT="5" METRIC="MMI" />
  </FACILITY>
  <FACILITY EXTERNAL_FACILITY_ID="100925" FACILITY_NAME="Los Banos, CA (pop. 25K)" FACILITY_TYPE="CITY" LAT="37.058" LON="-120.849">
    <DAMAGE name="GREEN" HIGH_LIMIT="5" LOW_LIMIT="1" METRIC="MMI" />
    <DAMAGE name="RED" HIGH_LIMIT="99999" LOW_LIMIT="7" METRIC="MMI" />
    <DAMAGE name="YELLOW" HIGH_LIMIT="7" LOW_LIMIT="5" METRIC="MMI" />
  </FACILITY>
  <FACILITY EXTERNAL_FACILITY_ID="101153" FACILITY_NAME="Oceanside, CA (pop. 161K)" FACILITY_TYPE="CITY" LAT="33.196" LON="-117.379">
    <DAMAGE name="GREEN" HIGH_LIMIT="5" LOW_LIMIT="1" METRIC="MMI" />
    <DAMAGE name="RED" HIGH_LIMIT="99999" LOW_LIMIT="7" METRIC="MMI" />
    <DAMAGE name="YELLOW" HIGH_LIMIT="7" LOW_LIMIT="5" METRIC="MMI" />
  </FACILITY>
  <FACILITY EXTERNAL_FACILITY_ID="101312" FACILITY_NAME="Red Bluff, CA (pop. 13K)" FACILITY_TYPE="CITY" LAT="40.179" LON="-122.235">
    <DAMAGE name="GREEN" HIGH_LIMIT="5" LOW_LIMIT="1" METRIC="MMI" />
    <DAMAGE name="RED" HIGH_LIMIT="99999" LOW_LIMIT="7" METRIC="MMI" />
    <DAMAGE name="YELLOW" HIGH_LIMIT="7" LOW_LIMIT="5" METRIC="MMI" />
  </FACILITY>
  <FACILITY EXTERNAL_FACILITY_ID="101332" FACILITY_NAME="Riverside, CA (pop. 255K)" FACILITY_TYPE="CITY" LAT="33.953" LON="-117.395">
    <DAMAGE name="GREEN" HIGH_LIMIT="5" LOW_LIMIT="1" METRIC="MMI" />
    <DAMAGE name="RED" HIGH_LIMIT="99999" LOW_LIMIT="7" METRIC="MMI" />
    <DAMAGE name="YELLOW" HIGH_LIMIT="7" LOW_LIMIT="5" METRIC="MMI" />
  </FACILITY>
  <FACILITY EXTERNAL_FACILITY_ID="101378" FACILITY_NAME="San Diego, CA (pop. 1.223M)" FACILITY_TYPE="CITY" LAT="32.715" LON="-117.156">
    <DAMAGE name="GREEN" HIGH_LIMIT="5" LOW_LIMIT="1" METRIC="MMI" />
    <DAMAGE name="RED" HIGH_LIMIT="99999" LOW_LIMIT="7" METRIC="MMI" />
    <DAMAGE name="YELLOW" HIGH_LIMIT="7" LOW_LIMIT="5" METRIC="MMI" />
  </FACILITY>
  <FACILITY EXTERNAL_FACILITY_ID="101384" FACILITY_NAME="San Mateo, CA (pop. 92K)" FACILITY_TYPE="CITY" LAT="37.563" LON="-122.324">
    <DAMAGE name="GREEN" HIGH_LIMIT="5" LOW_LIMIT="1" METRIC="MMI" />
    <DAMAGE name="RED" HIGH_LIMIT="99999" LOW_LIMIT="7" METRIC="MMI" />
    <DAMAGE name="YELLOW" HIGH_LIMIT="7" LOW_LIMIT="5" METRIC="MMI" />
  </FACILITY>
  <FACILITY EXTERNAL_FACILITY_ID="101394" FACILITY_NAME="Santa Ana, CA (pop. 337K)" FACILITY_TYPE="CITY" LAT="33.746" LON="-117.867">
    <DAMAGE name="GREEN" HIGH_LIMIT="5" LOW_LIMIT="1" METRIC="MMI" />
    <DAMAGE name="RED" HIGH_LIMIT="99999" LOW_LIMIT="7" METRIC="MMI" />
    <DAMAGE name="YELLOW" HIGH_LIMIT="7" LOW_LIMIT="5" METRIC="MMI" />
  </FACILITY>
  <FACILITY EXTERNAL_FACILITY_ID="101535" FACILITY_NAME="Tehachapi, CA (pop. 10K)" FACILITY_TYPE="CITY" LAT="35.132" LON="-118.448">
    <DAMAGE name="GREEN" HIGH_LIMIT="5" LOW_LIMIT="1" METRIC="MMI" />
    <DAMAGE name="RED" HIGH_LIMIT="99999" LOW_LIMIT="7" METRIC="MMI" />
    <DAMAGE name="YELLOW" HIGH_LIMIT="7" LOW_LIMIT="5" METRIC="MMI" />
  </FACILITY>
  <FACILITY EXTERNAL_FACILITY_ID="101709" FACILITY_NAME="Yuba City, CA (pop. 36K)" FACILITY_TYPE="CITY" LAT="39.141" LON="-121.616">
    <DAMAGE name="GREEN" HIGH_LIMIT="5" LOW_LIMIT="1" METRIC="MMI" />
    <DAMAGE name="RED" HIGH_LIMIT="99999" LOW_LIMIT="7" METRIC="MMI" />
    <DAMAGE name="YELLOW" HIGH_LIMIT="7" LOW_LIMIT="5" METRIC="MMI" />
  </FACILITY>
  <FACILITY EXTERNAL_FACILITY_ID="100201" FACILITY_NAME="Bridgeport, CA (pop. 1K)" FACILITY_TYPE="CITY" LAT="38.233" LON="-119.25">
    <DAMAGE name="GREEN" HIGH_LIMIT="5" LOW_LIMIT="1" METRIC="MMI" />
    <DAMAGE name="RED" HIGH_LIMIT="99999" LOW_LIMIT="7" METRIC="MMI" />
    <DAMAGE name="YELLOW" HIGH_LIMIT="7" LOW_LIMIT="5" METRIC="MMI" />
  </FACILITY>
  <FACILITY EXTERNAL_FACILITY_ID="100556" FACILITY_NAME="Fort Bragg, CA (pop. 7K)" FACILITY_TYPE="CITY" LAT="39.446" LON="-123.804">
    <DAMAGE name="GREEN" HIGH_LIMIT="5" LOW_LIMIT="1" METRIC="MMI" />
    <DAMAGE name="RED" HIGH_LIMIT="99999" LOW_LIMIT="7" METRIC="MMI" />
    <DAMAGE name="YELLOW" HIGH_LIMIT="7" LOW_LIMIT="5" METRIC="MMI" />
  </FACILITY>
  <FACILITY EXTERNAL_FACILITY_ID="100910" FACILITY_NAME="Livingston, CA (pop. 10K)" FACILITY_TYPE="CITY" LAT="37.387" LON="-120.723">
    <DAMAGE name="GREEN" HIGH_LIMIT="5" LOW_LIMIT="1" METRIC="MMI" />
    <DAMAGE name="RED" HIGH_LIMIT="99999" LOW_LIMIT="7" METRIC="MMI" />
    <DAMAGE name="YELLOW" HIGH_LIMIT="7" LOW_LIMIT="5" METRIC="MMI" />
  </FACILITY>
  <FACILITY EXTERNAL_FACILITY_ID="100917" FACILITY_NAME="Long Beach, CA (pop. 461K)" FACILITY_TYPE="CITY" LAT="33.767" LON="-118.188">
    <DAMAGE name="GREEN" HIGH_LIMIT="5" LOW_LIMIT="1" METRIC="MMI" />
    <DAMAGE name="RED" HIGH_LIMIT="99999" LOW_LIMIT="7" METRIC="MMI" />
    <DAMAGE name="YELLOW" HIGH_LIMIT="7" LOW_LIMIT="5" METRIC="MMI" />
  </FACILITY>
  <FACILITY EXTERNAL_FACILITY_ID="101004" FACILITY_NAME="Menlo Park, CA (pop. 30K)" FACILITY_TYPE="CITY" LAT="37.454" LON="-122.181">
    <DAMAGE name="GREEN" HIGH_LIMIT="5" LOW_LIMIT="1" METRIC="MMI" />
    <DAMAGE name="RED" HIGH_LIMIT="99999" LOW_LIMIT="7" METRIC="MMI" />
    <DAMAGE name="YELLOW" HIGH_LIMIT="7" LOW_LIMIT="5" METRIC="MMI" />
  </FACILITY>
  <FACILITY EXTERNAL_FACILITY_ID="101328" FACILITY_NAME="Ridgecrest, CA (pop. 24K)" FACILITY_TYPE="CITY" LAT="35.622" LON="-117.67">
    <DAMAGE name="GREEN" HIGH_LIMIT="5" LOW_LIMIT="1" METRIC="MMI" />
    <DAMAGE name="RED" HIGH_LIMIT="99999" LOW_LIMIT="7" METRIC="MMI" />
    <DAMAGE name="YELLOW" HIGH_LIMIT="7" LOW_LIMIT="5" METRIC="MMI" />
  </FACILITY>
  <FACILITY EXTERNAL_FACILITY_ID="101364" FACILITY_NAME="SACRAMENTO, CA (pop. 407K)" FACILITY_TYPE="CITY" LAT="38.582" LON="-121.493">
    <DAMAGE name="GREEN" HIGH_LIMIT="5" LOW_LIMIT="1" METRIC="MMI" />
    <DAMAGE name="RED" HIGH_LIMIT="99999" LOW_LIMIT="7" METRIC="MMI" />
    <DAMAGE name="YELLOW" HIGH_LIMIT="7" LOW_LIMIT="5" METRIC="MMI" />
  </FACILITY>
  <FACILITY EXTERNAL_FACILITY_ID="101385" FACILITY_NAME="San Rafael, CA (pop. 56K)" FACILITY_TYPE="CITY" LAT="37.974" LON="-122.53">
    <DAMAGE name="GREEN" HIGH_LIMIT="5" LOW_LIMIT="1" METRIC="MMI" />
    <DAMAGE name="RED" HIGH_LIMIT="99999" LOW_LIMIT="7" METRIC="MMI" />
    <DAMAGE name="YELLOW" HIGH_LIMIT="7" LOW_LIMIT="5" METRIC="MMI" />
  </FACILITY>
  <FACILITY EXTERNAL_FACILITY_ID="101386" FACILITY_NAME="San Simeon, CA (pop. 1K)" FACILITY_TYPE="CITY" LAT="35.65" LON="-121.183">
    <DAMAGE name="GREEN" HIGH_LIMIT="5" LOW_LIMIT="1" METRIC="MMI" />
    <DAMAGE name="RED" HIGH_LIMIT="99999" LOW_LIMIT="7" METRIC="MMI" />
    <DAMAGE name="YELLOW" HIGH_LIMIT="7" LOW_LIMIT="5" METRIC="MMI" />
  </FACILITY>
  <FACILITY EXTERNAL_FACILITY_ID="101397" FACILITY_NAME="Santa Cruz, CA (pop. 54K)" FACILITY_TYPE="CITY" LAT="36.974" LON="-122.03">
    <DAMAGE name="GREEN" HIGH_LIMIT="5" LOW_LIMIT="1" METRIC="MMI" />
    <DAMAGE name="RED" HIGH_LIMIT="99999" LOW_LIMIT="7" METRIC="MMI" />
    <DAMAGE name="YELLOW" HIGH_LIMIT="7" LOW_LIMIT="5" METRIC="MMI" />
  </FACILITY>
  <FACILITY EXTERNAL_FACILITY_ID="101400" FACILITY_NAME="Santa Rosa, CA (pop. 147K)" FACILITY_TYPE="CITY" LAT="38.441" LON="-122.713">
    <DAMAGE name="GREEN" HIGH_LIMIT="5" LOW_LIMIT="1" METRIC="MMI" />
    <DAMAGE name="RED" HIGH_LIMIT="99999" LOW_LIMIT="7" METRIC="MMI" />
    <DAMAGE name="YELLOW" HIGH_LIMIT="7" LOW_LIMIT="5" METRIC="MMI" />
  </FACILITY>
  <FACILITY EXTERNAL_FACILITY_ID="101518" FACILITY_NAME="Susanville, CA (pop. 13K)" FACILITY_TYPE="CITY" LAT="40.416" LON="-120.652">
    <DAMAGE name="GREEN" HIGH_LIMIT="5" LOW_LIMIT="1" METRIC="MMI" />
    <DAMAGE name="RED" HIGH_LIMIT="99999" LOW_LIMIT="7" METRIC="MMI" />
    <DAMAGE name="YELLOW" HIGH_LIMIT="7" LOW_LIMIT="5" METRIC="MMI" />
  </FACILITY>
  <FACILITY EXTERNAL_FACILITY_ID="100111" FACILITY_NAME="Bakersfield, CA (pop. 247K)" FACILITY_TYPE="CITY" LAT="35.373" LON="-119.018">
    <DAMAGE name="GREEN" HIGH_LIMIT="5" LOW_LIMIT="1" METRIC="MMI" />
    <DAMAGE name="RED" HIGH_LIMIT="99999" LOW_LIMIT="7" METRIC="MMI" />
    <DAMAGE name="YELLOW" HIGH_LIMIT="7" LOW_LIMIT="5" METRIC="MMI" />
  </FACILITY>
  <FACILITY EXTERNAL_FACILITY_ID="100924" FACILITY_NAME="Los Angeles, CA (pop. 3.694M)" FACILITY_TYPE="CITY" LAT="34.052" LON="-118.243">
    <DAMAGE name="GREEN" HIGH_LIMIT="5" LOW_LIMIT="1" METRIC="MMI" />
    <DAMAGE name="RED" HIGH_LIMIT="99999" LOW_LIMIT="7" METRIC="MMI" />
    <DAMAGE name="YELLOW" HIGH_LIMIT="7" LOW_LIMIT="5" METRIC="MMI" />
  </FACILITY>
  <FACILITY EXTERNAL_FACILITY_ID="101224" FACILITY_NAME="Paso Robles, CA (pop. 24K)" FACILITY_TYPE="CITY" LAT="35.633" LON="-120.717">
    <DAMAGE name="GREEN" HIGH_LIMIT="5" LOW_LIMIT="1" METRIC="MMI" />
    <DAMAGE name="RED" HIGH_LIMIT="99999" LOW_LIMIT="7" METRIC="MMI" />
    <DAMAGE name="YELLOW" HIGH_LIMIT="7" LOW_LIMIT="5" METRIC="MMI" />
  </FACILITY>
  <FACILITY EXTERNAL_FACILITY_ID="101262" FACILITY_NAME="Point Arena, CA (pop. &lt; 1K)" FACILITY_TYPE="CITY" LAT="38.909" LON="-123.692">
    <DAMAGE name="GREEN" HIGH_LIMIT="5" LOW_LIMIT="1" METRIC="MMI" />
    <DAMAGE name="RED" HIGH_LIMIT="99999" LOW_LIMIT="7" METRIC="MMI" />
    <DAMAGE name="YELLOW" HIGH_LIMIT="7" LOW_LIMIT="5" METRIC="MMI" />
  </FACILITY>
  <FACILITY EXTERNAL_FACILITY_ID="101399" FACILITY_NAME="Santa Maria, CA (pop. 77K)" FACILITY_TYPE="CITY" LAT="34.953" LON="-120.435">
    <DAMAGE name="GREEN" HIGH_LIMIT="5" LOW_LIMIT="1" METRIC="MMI" />
    <DAMAGE name="RED" HIGH_LIMIT="99999" LOW_LIMIT="7" METRIC="MMI" />
    <DAMAGE name="YELLOW" HIGH_LIMIT="7" LOW_LIMIT="5" METRIC="MMI" />
  </FACILITY>
  <FACILITY EXTERNAL_FACILITY_ID="101598" FACILITY_NAME="Victorville, CA (pop. 64K)" FACILITY_TYPE="CITY" LAT="34.536" LON="-117.29">
    <DAMAGE name="GREEN" HIGH_LIMIT="5" LOW_LIMIT="1" METRIC="MMI" />
    <DAMAGE name="RED" HIGH_LIMIT="99999" LOW_LIMIT="7" METRIC="MMI" />
    <DAMAGE name="YELLOW" HIGH_LIMIT="7" LOW_LIMIT="5" METRIC="MMI" />
  </FACILITY>
  <FACILITY EXTERNAL_FACILITY_ID="101639" FACILITY_NAME="Weaverville, CA (pop. 3.5K)" FACILITY_TYPE="CITY" LAT="40.731" LON="-122.941">
    <DAMAGE name="GREEN" HIGH_LIMIT="5" LOW_LIMIT="1" METRIC="MMI" />
    <DAMAGE name="RED" HIGH_LIMIT="99999" LOW_LIMIT="7" METRIC="MMI" />
    <DAMAGE name="YELLOW" HIGH_LIMIT="7" LOW_LIMIT="5" METRIC="MMI" />
  </FACILITY>
  <FACILITY EXTERNAL_FACILITY_ID="100644" FACILITY_NAME="Grass Valley, CA (pop. 10K)" FACILITY_TYPE="CITY" LAT="39.219" LON="-121.06">
    <DAMAGE name="GREEN" HIGH_LIMIT="5" LOW_LIMIT="1" METRIC="MMI" />
    <DAMAGE name="RED" HIGH_LIMIT="99999" LOW_LIMIT="7" METRIC="MMI" />
    <DAMAGE name="YELLOW" HIGH_LIMIT="7" LOW_LIMIT="5" METRIC="MMI" />
  </FACILITY>
  <FACILITY EXTERNAL_FACILITY_ID="101210" FACILITY_NAME="Palm Springs, CA (pop. 42K)" FACILITY_TYPE="CITY" LAT="33.83" LON="-116.544">
    <DAMAGE name="GREEN" HIGH_LIMIT="5" LOW_LIMIT="1" METRIC="MMI" />
    <DAMAGE name="RED" HIGH_LIMIT="99999" LOW_LIMIT="7" METRIC="MMI" />
    <DAMAGE name="YELLOW" HIGH_LIMIT="7" LOW_LIMIT="5" METRIC="MMI" />
  </FACILITY>
  <FACILITY EXTERNAL_FACILITY_ID="100155" FACILITY_NAME="Big Bear City, CA (pop. 5.7K)" FACILITY_TYPE="CITY" LAT="34.261" LON="-116.844">
    <DAMAGE name="GREEN" HIGH_LIMIT="5" LOW_LIMIT="1" METRIC="MMI" />
    <DAMAGE name="RED" HIGH_LIMIT="99999" LOW_LIMIT="7" METRIC="MMI" />
    <DAMAGE name="YELLOW" HIGH_LIMIT="7" LOW_LIMIT="5" METRIC="MMI" />
  </FACILITY>
  <FACILITY EXTERNAL_FACILITY_ID="100392" FACILITY_NAME="Crescent City, CA (pop. 4K)" FACILITY_TYPE="CITY" LAT="41.756" LON="-124.201">
    <DAMAGE name="GREEN" HIGH_LIMIT="5" LOW_LIMIT="1" METRIC="MMI" />
    <DAMAGE name="RED" HIGH_LIMIT="99999" LOW_LIMIT="7" METRIC="MMI" />
    <DAMAGE name="YELLOW" HIGH_LIMIT="7" LOW_LIMIT="5" METRIC="MMI" />
  </FACILITY>
  <FACILITY EXTERNAL_FACILITY_ID="100852" FACILITY_NAME="Lake Isabella, CA (pop. 3.3K)" FACILITY_TYPE="CITY" LAT="35.609" LON="-118.483">
    <DAMAGE name="GREEN" HIGH_LIMIT="5" LOW_LIMIT="1" METRIC="MMI" />
    <DAMAGE name="RED" HIGH_LIMIT="99999" LOW_LIMIT="7" METRIC="MMI" />
    <DAMAGE name="YELLOW" HIGH_LIMIT="7" LOW_LIMIT="5" METRIC="MMI" />
  </FACILITY>
  <FACILITY EXTERNAL_FACILITY_ID="100947" FACILITY_NAME="Mammoth Lakes, CA (pop. 7K)" FACILITY_TYPE="CITY" LAT="37.649" LON="-118.971">
    <DAMAGE name="GREEN" HIGH_LIMIT="5" LOW_LIMIT="1" METRIC="MMI" />
    <DAMAGE name="RED" HIGH_LIMIT="99999" LOW_LIMIT="7" METRIC="MMI" />
    <DAMAGE name="YELLOW" HIGH_LIMIT="7" LOW_LIMIT="5" METRIC="MMI" />
  </FACILITY>
  <FACILITY EXTERNAL_FACILITY_ID="101379" FACILITY_NAME="San Francisco, CA (pop. 776K)" FACILITY_TYPE="CITY" LAT="37.775" LON="-122.418">
    <DAMAGE name="GREEN" HIGH_LIMIT="5" LOW_LIMIT="1" METRIC="MMI" />
    <DAMAGE name="RED" HIGH_LIMIT="99999" LOW_LIMIT="7" METRIC="MMI" />
    <DAMAGE name="YELLOW" HIGH_LIMIT="7" LOW_LIMIT="5" METRIC="MMI" />
  </FACILITY>
  <FACILITY EXTERNAL_FACILITY_ID="101395" FACILITY_NAME="Santa Barbara, CA (pop. 92K)" FACILITY_TYPE="CITY" LAT="34.423" LON="-119.703">
    <DAMAGE name="GREEN" HIGH_LIMIT="5" LOW_LIMIT="1" METRIC="MMI" />
    <DAMAGE name="RED" HIGH_LIMIT="99999" LOW_LIMIT="7" METRIC="MMI" />
    <DAMAGE name="YELLOW" HIGH_LIMIT="7" LOW_LIMIT="5" METRIC="MMI" />
  </FACILITY>
  <FACILITY EXTERNAL_FACILITY_ID="101396" FACILITY_NAME="Santa Clarita, CA (pop. 151K)" FACILITY_TYPE="CITY" LAT="34.378" LON="-118.613">
    <DAMAGE name="GREEN" HIGH_LIMIT="5" LOW_LIMIT="1" METRIC="MMI" />
    <DAMAGE name="RED" HIGH_LIMIT="99999" LOW_LIMIT="7" METRIC="MMI" />
    <DAMAGE name="YELLOW" HIGH_LIMIT="7" LOW_LIMIT="5" METRIC="MMI" />
  </FACILITY>
  <FACILITY EXTERNAL_FACILITY_ID="101377" FACILITY_NAME="San Bernardino, CA (pop. 185K)" FACILITY_TYPE="CITY" LAT="34.121" LON="-117.302">
    <DAMAGE name="GREEN" HIGH_LIMIT="5" LOW_LIMIT="1" METRIC="MMI" />
    <DAMAGE name="RED" HIGH_LIMIT="99999" LOW_LIMIT="7" METRIC="MMI" />
    <DAMAGE name="YELLOW" HIGH_LIMIT="7" LOW_LIMIT="5" METRIC="MMI" />
  </FACILITY>
  <FACILITY EXTERNAL_FACILITY_ID="100187" FACILITY_NAME="Borrego Springs, CA (pop. 2.5K)" FACILITY_TYPE="CITY" LAT="33.256" LON="-116.374">
    <DAMAGE name="GREEN" HIGH_LIMIT="5" LOW_LIMIT="1" METRIC="MMI" />
    <DAMAGE name="RED" HIGH_LIMIT="99999" LOW_LIMIT="7" METRIC="MMI" />
    <DAMAGE name="YELLOW" HIGH_LIMIT="7" LOW_LIMIT="5" METRIC="MMI" />
  </FACILITY>
  <FACILITY EXTERNAL_FACILITY_ID="101382" FACILITY_NAME="San Luis Obispo, CA (pop. 44K)" FACILITY_TYPE="CITY" LAT="35.283" LON="-120.659">
    <DAMAGE name="GREEN" HIGH_LIMIT="5" LOW_LIMIT="1" METRIC="MMI" />
    <DAMAGE name="RED" HIGH_LIMIT="99999" LOW_LIMIT="7" METRIC="MMI" />
    <DAMAGE name="YELLOW" HIGH_LIMIT="7" LOW_LIMIT="5" METRIC="MMI" />
  </FACILITY>
  <FACILITY EXTERNAL_FACILITY_ID="101463" FACILITY_NAME="South Lake Tahoe, CA (pop. 23K)" FACILITY_TYPE="CITY" LAT="38.946" LON="-119.97">
    <DAMAGE name="GREEN" HIGH_LIMIT="5" LOW_LIMIT="1" METRIC="MMI" />
    <DAMAGE name="RED" HIGH_LIMIT="99999" LOW_LIMIT="7" METRIC="MMI" />
    <DAMAGE name="YELLOW" HIGH_LIMIT="7" LOW_LIMIT="5" METRIC="MMI" />
  </FACILITY>
  <FACILITY EXTERNAL_FACILITY_ID="101574" FACILITY_NAME="Twentynine Palms, CA (pop. 14K)" FACILITY_TYPE="CITY" LAT="34.136" LON="-116.053">
    <DAMAGE name="GREEN" HIGH_LIMIT="5" LOW_LIMIT="1" METRIC="MMI" />
    <DAMAGE name="RED" HIGH_LIMIT="99999" LOW_LIMIT="7" METRIC="MMI" />
    <DAMAGE name="YELLOW" HIGH_LIMIT="7" LOW_LIMIT="5" METRIC="MMI" />
  </FACILITY>
</opt>
